tx_id,baseMean,log2FoldChange,lfcSE,stat,pvalue,padj
lcl|AM181176.4_cds_CAY50111.1_3719,685.9396587,-0.580260302,0.245673636,-2.361915232,0.018180799,0.999960757
lcl|AM181176.4_cds_CAY52882.1_5480,259.0623411,-0.830632311,0.415251143,-2.000313122,0.045466463,0.999960757
lcl|AM181176.4_cds_CAY53753.1_6009,3472.08403,-0.561418344,0.236014998,-2.378740117,0.017371919,0.999960757